id,created at,updated at,is archived,metadata,pest type,scientific name,stage pest,action threshold,action threshold risk,stage crop growth,cultural,cultural description,biological,biological description,pest presence period,no of plants affected
f98a774f-44b3-4a78-8c1b-7866e0bc679c,07/12/2023,07/12/2023,False,{},Leaf miner,Tuta absoluta,adult,> 30 ,high,fruiting,none,none,Natural enemies,Heterorhabditis bacteriophoraMetarhizium anisopliae,1.0,1.0
57a42a62-12b9-4c09-be4e-8a5daef9baf4,07/12/2023,07/12/2023,False,{},Leaf miner,Tuta absoluta,adult,> 30 ,high,fruiting,Field hygiene,"Removal of alternate hosts within and outside tomato farm,Removal of infected leaves, use of pheromone traps",microbial pesticides,Bacillus thuringiensis var. kurstaki (Btk)Beauveria bassiana,1.0,1.0
30e31dba-3af3-4a81-8e22-cc1b50fd956a,07/12/2023,07/12/2023,False,{},Leaf miner,Tuta absoluta,adult,> 30 ,high,fruiting,none,none,biopesticides,"Nimbecidine, Neemark EC, Achook 0.15 EC, Neemroc, Azadirachtin (0.15%).",1.0,1.0
5dcfd77d-19ef-4de8-b4e9-a6f07a731aad,07/12/2023,07/12/2023,False,{},Leaf miner,Tuta absoluta,adult,4-30 ,moderate,fruiting,none,none,Natural enemies,Heterorhabditis bacteriophoraMetarhizium anisopliae,1.0,1.0
a6794b14-57b6-4742-b602-1159b7e09200,07/12/2023,07/12/2023,False,{},Leaf miner,Tuta absoluta,adult,4-30 ,moderate,fruiting,Field hygiene,"Removal of alternate hosts within and outside tomato farm,Removal of infected leaves, use of pheromone traps",microbial pesticides,Bacillus thuringiensis var. kurstaki (Btk)Beauveria bassiana,1.0,1.0
332e7d97-6630-45de-8e32-3433fcca46de,07/12/2023,07/12/2023,False,{},Leaf miner,Tuta absoluta,adult,4-30 ,moderate,fruiting,none,none,biopesticides,"Nimbecidine, Neemark EC, Achook 0.15 EC, Neemroc, Azadirachtin (0.15%).",1.0,1.0
1a28a36b-c9ba-4526-a549-75a9dc8efa95,07/12/2023,07/12/2023,False,{},Leaf miner,Tuta absoluta,adult,3-4 ,low,fruiting,Field hygiene,"Removal of alternate hosts within and outside tomato farm,Removal of infected leaves,use of pheromone traps,add repellant crops around the tomato rows, conserve natural enemies",none ,none,1.0,1.0
54a3a8aa-2f2c-4525-94fa-55455e332a75,07/12/2023,07/12/2023,False,{},Leaf miner,Tuta absoluta,adult,3-4 ,low,fruiting,none,none,Natural enemies,Heterorhabditis bacteriophoraMetarhizium anisopliae,1.0,1.0
ba4e8fbc-3d92-460d-a459-0fddd4c15816,07/12/2023,07/12/2023,False,{},Leaf miner,Tuta absoluta,adult,3-4 ,low,fruiting,crop management,"adeaquate irrigation, adequate fertilizer application",microbial pesticides,Bacillus thuringiensis var. kurstaki (Btk)Beauveria bassiana,1.0,1.0
61bf9115-513b-402f-a1eb-ead7fd9a26b6,07/12/2023,07/12/2023,False,{},Leaf miner,Tuta absoluta,adult,3-4 ,low,fruiting,none,none,biopesticides,"Nimbecidine, Neemark EC, Achook 0.15 EC, Neemroc, Azadirachtin (0.15%).",1.0,1.0
054c0aed-87de-439f-a3ed-4456ad1a97e1,07/12/2023,07/12/2023,False,{},Leaf miner,Tuta absoluta,pupae,8-12 ,none,fruiting,Field management,"plouhing,weeding",none ,none,0.0,0.0
279f236a-e4a5-4c26-98e5-033b50c5993b,07/12/2023,07/12/2023,False,{},Leaf miner,Tuta absoluta,pupae,8-12 ,none,fruiting,Field hgyiene,Removal of dried leaves and stems,Natural enemies,"Steinernema carpocapsae (Weiser), Steinernema feltiae (Filipjev), Heterorhabditis bacteriophora PoinarMetarhizium anisopliae var. anisopliae (Metchnikoff)Conura sp. (syn Spilochalcis sp.)Invreia sp.Horismenus sp.Elasmus sp.",0.0,0.0
2e6387ec-e765-4e0b-af05-684a10fc26b6,07/12/2023,07/12/2023,False,{},Leaf miner,Tuta absoluta,eggs,1-3 ,none,fruiting,Field hygiene,"Destroy infested plants/ plant parts,Bury all pest infested fruits and foliage 50-100 cm depth,Removal of alternate hosts,kill weed host",Natural enemies,"Necremnus artynesHemiptarsenus zilahisebessi Erdo¨sGoniozus nigrifemurAgathis sp.Apanteles sp.Bracon sp.Chelonus sp.Earinus sp.Orgilussp.Pseudapanteles dignusChrysonotomyia sp.Clostrocerus formosusDineulophus phthormiaeaeHorismenus sp.Elasmus sp.Neochrysocharis formosaRetisympiesis phthorimaeaSympiesis sp.Tetrastichus sp.Zagrammosoma sp.Campoplex haywardiDiadegma sp.Pristomerus sp.Temelucha sp.Archytas sp.Nesidiocoris tenuisMacrolophus pygmaeusDicyphys marrocannusDicyphus erransDicyphus tamaninii WagnerTapinoma nigerrimum (Nylander) Steinernema feltiae (Filipjev), Heterorhabditis bacteriophora Poinar",1.0,1.0
e3099922-0413-4dd7-b259-8a1a5167f6f4,07/12/2023,07/12/2023,False,{},Leaf miner,Tuta absoluta,eggs,none,none,fruiting,crop management,"Adequate irrigation,Adequate fertilizer application",none ,none,0.0,0.0
dfec8742-9ee7-4b66-a4ea-1b159f879c0b,07/12/2023,07/12/2023,False,{},Leaf miner,Tuta absoluta,eggs,none,none,fruiting,Field hygiene ,"Kill weed hosts,Removal of infected leaves,Bury all pest infested fruits and foliage 50-100 cm depth,Removal of alternate hosts within and outside tomato farm",Natural enemies,"Trichogramma spNecremnus sp. nr. artynes (Walker), Stenomesius cf.japonicus (Ashmead)Neochrysocharis formosa (Westwood)Arrhenophagus sp.Copidosoma sp.Anastatus sp.Nesidiocoris tenuis Macrolophus pygmaeusDicyphys marrocannusDicyphus erransDicyphus tamaninii Wagner",0.0,0.0
b72fad7f-202d-4cbe-9d68-04d8add1ad71,07/12/2023,07/12/2023,False,{},Leaf miner,Tuta absoluta,adult,> 30 ,high,flowering,none,none,biopesticides,"Nimbecidine, Neemark EC, Achook 0.15 EC, Neemroc, Azadirachtin (0.15%).",1.0,1.0
586df28e-6836-41bd-b945-fe088f089d34,07/12/2023,07/12/2023,False,{},Leaf miner,Tuta absoluta,adult,> 30 ,high,flowering,none,"Removal of alternate hosts within and outside tomato farm,Removal of infected leaves, use of pheromone traps",Natural enemies,Heterorhabditis bacteriophoraMetarhizium anisopliae,1.0,1.0
7138f6bb-77d9-433f-a021-dd65f8e06e3b,07/12/2023,07/12/2023,False,{},Leaf miner,Tuta absoluta,adult,> 30 ,high,flowering,none,none,microbial pesticides,Bacillus thuringiensis var. kurstaki (Btk)Beauveria bassiana,1.0,1.0
a5f31194-06cb-4110-a335-6dd597318dec,07/12/2023,07/12/2023,False,{},Leaf miner,Tuta absoluta,adult,4-30 ,moderate,flowering,none,none,biopesticides,"Nimbecidine, Neemark EC, Achook 0.15 EC, Neemroc, Azadirachtin (0.15%).",1.0,1.0
b96805ef-226d-4215-9a97-01789575d235,07/12/2023,07/12/2023,False,{},Leaf miner,Tuta absoluta,adult,4-30 ,moderate,flowering,Field hygiene,"Removal of alternate hosts within and outside tomato farm,Removal of infected leaves",Natural enemies,Heterorhabditis bacteriophoraMetarhizium anisopliae,1.0,1.0
20d793fd-2383-4aa2-981d-d08fadd30408,07/12/2023,07/12/2023,False,{},Leaf miner,Tuta absoluta,adult,4-30 ,moderate,flowering,none,none,microbial pesticides,Bacillus thuringiensis var. kurstaki (Btk)Beauveria bassiana,1.0,1.0
efa08ae2-bda3-41fb-91ba-cdd36fdd3f6f,07/12/2023,07/12/2023,False,{},Leaf miner,Tuta absoluta,adult,3-4 ,low,flowering,Field hygiene,"Removal of alternate hosts within and outside tomato farm,Removal of infected leaves,add repellant crops around the tomato rows, conserve natural enemies",none ,none,1.0,1.0
499d4efc-86e2-4099-ad15-e1b63cfa09db,07/12/2023,07/12/2023,False,{},Leaf miner,Tuta absoluta,adult,3-4 ,low,flowering,none,none,biopesticides,"Nimbecidine, Neemark EC, Achook 0.15 EC, Neemroc, Azadirachtin (0.15%).",1.0,1.0
87ce55ea-b7cf-4e06-9d51-d17472e6e525,07/12/2023,07/12/2023,False,{},Leaf miner,Tuta absoluta,adult,3-4 ,low,flowering,crop management,"adeaquate irrigation, adequate fertilizer application",Natural enemies,Heterorhabditis bacteriophoraMetarhizium anisopliae,1.0,1.0
cd3411bd-3616-4bf7-9589-22ef09a1ea37,07/12/2023,07/12/2023,False,{},Leaf miner,Tuta absoluta,adult,3-4 ,low,flowering,none,none,microbial pesticides,Bacillus thuringiensis var. kurstaki (Btk)Beauveria bassiana,1.0,1.0
6e833136-dcbb-4dec-b9bd-7c5edf4116dc,07/12/2023,07/12/2023,False,{},Leaf miner,Tuta absoluta,pupae,8-12 ,none,flowering,Field hygiene,"Removal of alternate hosts within and outside tomato farm,Removal of infected leaves, use of pheromone traps",Natural enemies,"Steinernema carpocapsae (Weiser), Steinernema feltiae (Filipjev), Heterorhabditis bacteriophora PoinarMetarhizium anisopliae var. anisopliae (Metchnikoff)Conura sp. (syn Spilochalcis sp.)Invreia sp.Horismenus sp.Elasmus sp.",1.0,1.0
eaa9ca6e-73e8-4a0b-8748-17e5bf7eb48f,07/12/2023,07/12/2023,False,{},Leaf miner,Tuta absoluta,eggs,1-3 ,none,flowering,Field hygiene,"Destroy infested plants/ plant parts,Bury all pest infested fruits and foliage 50-100 cm depth,Removal of alternate hosts,kill weed host",Natural enemies,"Necremnus artynesHemiptarsenus zilahisebessi Erdo¨sGoniozus nigrifemurAgathis sp.Apanteles sp.Bracon sp.Chelonus sp.Earinus sp.Orgilussp.Pseudapanteles dignusChrysonotomyia sp.Clostrocerus formosusDineulophus phthormiaeaeHorismenus sp.Elasmus sp.Neochrysocharis formosaRetisympiesis phthorimaeaSympiesis sp.Tetrastichus sp.Zagrammosoma sp.Campoplex haywardiDiadegma sp.Pristomerus sp.Temelucha sp.Archytas sp.Nesidiocoris tenuisMacrolophus pygmaeusDicyphys marrocannusDicyphus erransDicyphus tamaninii WagnerTapinoma nigerrimum (Nylander) Steinernema feltiae (Filipjev), Heterorhabditis bacteriophora Poinar",1.0,1.0
9619cc2c-59ce-4202-9eb3-8c2cce591ec3,07/12/2023,07/12/2023,False,{},Leaf miner,Tuta absoluta,eggs,none,none,flowering,crop management,"Adequate irrigation,Adequate fertilizer application",none ,none,0.0,0.0
08024dca-1702-4ced-9d50-ea4c3fab1073,07/12/2023,07/12/2023,False,{},Leaf miner,Tuta absoluta,eggs,none,none,flowering,none,none,none ,none,0.0,0.0
5df8699c-4d86-4fcc-924d-1a95761d028c,07/12/2023,07/12/2023,False,{},Leaf miner,Tuta absoluta,eggs,none,none,flowering,none,none,none ,none,0.0,0.0
85e5d94b-20e1-4001-85a1-d6dc6d79032b,07/12/2023,07/12/2023,False,{},Leaf miner,Tuta absoluta,eggs,none,none,flowering,Field hygiene ,"Kill weed hosts,Removal of infected leaves,Bury all pest infested fruits and foliage 50-100 cm depth,Removal of alternate hosts within and outside tomato farm, conserve natural enemies, add repellant crops",Natural enemies,"Trichogramma spNecremnus sp. nr. artynes (Walker), Stenomesius cf.japonicus (Ashmead)Neochrysocharis formosa (Westwood)Arrhenophagus sp.Copidosoma sp.Anastatus sp.Nesidiocoris tenuis Macrolophus pygmaeusDicyphys marrocannusDicyphus erransDicyphus tamaninii Wagner",0.0,0.0
90356fcf-8c7c-4bc7-a08c-24c35030b524,07/12/2023,07/12/2023,False,{},Leaf miner,Tuta absoluta,adult,> 30,high,vegetative,none,none,biopesticides,"Nimbecidine, Neemark EC, Achook 0.15 EC, Neemroc, Azadirachtin (0.15%).",1.0,1.0
96ca5ec6-c1d4-4b99-9e48-ece46b1a1343,07/12/2023,07/12/2023,False,{},Leaf miner,Tuta absoluta,adult,> 30,high,vegetative,Field hygiene,"Removal of alternate hosts within and outside tomato farm,Remove dried leaves and stem,use of pheromone traps, Add repellant plants around tomato field",Natural enemies,Heterorhabditis bacteriophoraMetarhizium anisopliae,1.0,1.0
16ed8512-c4fb-4b3f-bb33-18207cbb8fc4,07/12/2023,07/12/2023,False,{},Leaf miner,Tuta absoluta,adult,> 30 ,high,vegetative,none,none,microbial pesticides,Bacillus thuringiensis var. kurstaki (Btk)Beauveria bassiana,1.0,1.0
37a89d74-83fa-4430-b1e9-b86c72213ffe,07/12/2023,07/12/2023,False,{},Leaf miner,Tuta absoluta,adult,4-30,moderate,vegetative,none,none,biopesticides,"Nimbecidine, Neemark EC, Achook 0.15 EC, Neemroc, Azadirachtin (0.15%).",1.0,1.0
3d8e394d-46ed-4bac-9944-7ec301b9eb50,07/12/2023,07/12/2023,False,{},Leaf miner,Tuta absoluta,adult,4-30,moderate,vegetative,Field hgiene,"Removal of alternate hosts within and outside tomato farm,Remove dried leaves and stem,use of pheromone traps, Add repellant plants around tomato field",Natural enemies,Heterorhabditis bacteriophoraMetarhizium anisopliae,1.0,1.0
4798b743-a9b8-4f36-af49-e9185e7771da,07/12/2023,07/12/2023,False,{},Leaf miner,Tuta absoluta,adult,4-30 ,moderate,vegetative,none,none,microbial pesticides,Bacillus thuringiensis var. kurstaki (Btk)Beauveria bassiana,1.0,1.0
693207a0-fdcf-49a8-aa0b-7708c02fb137,07/12/2023,07/12/2023,False,{},Leaf miner,Tuta absoluta,adult,3-4,low,vegetative,crop management,"pruning, adequate irrigation",none ,none,1.0,1.0
f498b6ee-c6df-448b-a0ba-6b8ebdec1b9c,07/12/2023,07/12/2023,False,{},Leaf miner,Tuta absoluta,adult,3-4,low,vegetative,Field hygiene,"Removal of alternate hosts within and outside tomato farm,Remove dried leaves and stem,use of pheromone traps, Add repellant plants around tomato field",biopesticides,"Nimbecidine, Neemark EC, Achook 0.15 EC, Neemroc, Azadirachtin (0.15%).",1.0,1.0
cfceb693-eb81-4502-b308-4ae9032aad7c,07/12/2023,07/12/2023,False,{},Leaf miner,Tuta absoluta,adult,3-4,low,vegetative,none,none,Natural enemies,Heterorhabditis bacteriophoraMetarhizium anisopliae,1.0,1.0
ecbf02dd-3f48-4e16-985f-d4cd4d0ac14e,07/12/2023,07/12/2023,False,{},Leaf miner,Tuta absoluta,adult,3-4 ,low,vegetative,none,none,microbial pesticides,Bacillus thuringiensis var. kurstaki (Btk)Beauveria bassiana,1.0,1.0
59da1c4e-b755-4945-bd01-3426345abf08,07/12/2023,07/12/2023,False,{},Leaf miner,Tuta absoluta,pupae,8-13,none,vegetative,Field management,"ploughing, weeding",none ,none,0.0,0.0
952dc4eb-bd64-4f05-af62-b9173424f67f,07/12/2023,07/12/2023,False,{},Leaf miner,Tuta absoluta,pupae,8-12 ,none,vegetative,Field hygiene,"Remove dried leaves and stem,Bury all pest infested fruits and foliage 50-100 cm depth",Natural enemies,"Steinernema carpocapsae (Weiser), Steinernema feltiae (Filipjev), Heterorhabditis bacteriophora PoinarMetarhizium anisopliae var. anisopliae (Metchnikoff)Conura sp. (syn Spilochalcis sp.)Invreia sp.Horismenus sp.Elasmus sp.",0.0,0.0
39895ae7-c64a-46c0-bb85-de0673070347,07/12/2023,07/12/2023,False,{},Leaf miner,Tuta absoluta,larvae,1-3,none,vegetative,crop management,"pruning,weeding",none ,none,1.0,1.0
ff2d3525-f898-443d-93d0-514b8846cc88,07/12/2023,07/12/2023,False,{},Leaf miner,Tuta absoluta,larvae,1-3,none,vegetative,Field hygiene,"Destroy infested plants/ plant parts,Bury all pest infested fruits and foliage 50-100 cm depth,Removal of alternate hosts",Natural enemies,"Necremnus artynesHemiptarsenus zilahisebessi Erdo¨sGoniozus nigrifemurAgathis sp.Apanteles sp.Bracon sp.Chelonus sp.Earinus sp.Orgilussp.Pseudapanteles dignusChrysonotomyia sp.Clostrocerus formosusDineulophus phthormiaeaeHorismenus sp.Elasmus sp.Neochrysocharis formosaRetisympiesis phthorimaeaSympiesis sp.Tetrastichus sp.Zagrammosoma sp.Campoplex haywardiDiadegma sp.Pristomerus sp.Temelucha sp.Archytas sp.Nesidiocoris tenuisMacrolophus pygmaeusDicyphys marrocannusDicyphus erransDicyphus tamaninii WagnerTapinoma nigerrimum (Nylander) Steinernema feltiae (Filipjev), Heterorhabditis bacteriophora Poinar",1.0,1.0
cdf1433b-69e4-4e94-a3a7-fd3d696d7485,07/12/2023,07/12/2023,False,{},Leaf miner,Tuta absoluta,eggs,none,none,vegetative,nan,nan,none ,none,0.0,0.0
45edb116-fa35-4fa2-a008-c7d5006ca41c,07/12/2023,07/12/2023,False,{},Leaf miner,Tuta absoluta,eggs,none,none,vegetative,nan,nan,none ,none,0.0,0.0
2e8fd3f4-5e05-4b12-b319-ffb9730c41e8,07/12/2023,07/12/2023,False,{},Leaf miner,Tuta absoluta,eggs,none,none,vegetative,Field hgyiene,"Kill weed hosts,Removal of infected leaves,Bury all pest infested fruits and foliage 50-100 cm depth,Removal of alternate hosts within and outside tomato farm, conserve natural enemies, add repellant crops",none ,none,0.0,0.0
06dd61e0-1449-4cbe-a44a-4d6b1e924f98,07/12/2023,07/12/2023,False,{},Leaf miner,Tuta absoluta,eggs,none,none,vegetative,Crop management,"Pruning,training, Adequate irrigation,adequate fertilizer application",none ,none,0.0,0.0
3670e45c-1522-4fb4-8016-6a8fb78da80b,07/12/2023,07/12/2023,False,{},Leaf miner,Tuta absoluta,eggs,none,none,vegetative,Field management,"Ploughing,Manuring",Natural enemies,"Trichogramma sp,Necremnus sp. nr. artynes (Walker), Stenomesius cf.japonicus (Ashmead),Neochrysocharis formosa (Westwood),Arrhenophagus sp,Copidosoma sp,Anastatus sp,Nesidiocoris tenuis,Macrolophus pygmaeus,Dicyphys marrocannus,Dicyphus errans,Dicyphus tamaninii Wagner",0.0,0.0
